Source,Target,Type
0,276,Undireted
0,58,Undireted
0,132,Undireted
0,603,Undireted
0,398,Undireted
0,555,Undireted
1,265,Undireted
1,611,Undireted
2,265,Undireted
2,182,Undireted
2,345,Undireted
3,608,Undireted
3,377,Undireted
3,40,Undireted
3,352,Undireted
3,450,Undireted
3,484,Undireted
3,299,Undireted
3,65,Undireted
3,185,Undireted
3,228,Undireted
557,227,Undireted
557,182,Undireted
557,90,Undireted
557,151,Undireted
557,394,Undireted
4,265,Undireted
4,287,Undireted
4,254,Undireted
4,336,Undireted
5,503,Undireted
6,429,Undireted
6,163,Undireted
6,486,Undireted
6,478,Undireted
6,518,Undireted
7,293,Undireted
7,265,Undireted
7,305,Undireted
7,339,Undireted
7,35,Undireted
7,444,Undireted
7,583,Undireted
8,278,Undireted
8,434,Undireted
8,73,Undireted
8,98,Undireted
8,369,Undireted
9,317,Undireted
9,288,Undireted
9,206,Undireted
9,289,Undireted
9,249,Undireted
9,593,Undireted
9,434,Undireted
9,254,Undireted
9,550,Undireted
9,131,Undireted
9,446,Undireted
9,89,Undireted
9,90,Undireted
9,265,Undireted
9,15,Undireted
9,340,Undireted
9,248,Undireted
9,229,Undireted
9,56,Undireted
9,570,Undireted
9,189,Undireted
9,611,Undireted
9,107,Undireted
9,23,Undireted
9,465,Undireted
9,67,Undireted
9,351,Undireted
9,498,Undireted
10,393,Undireted
10,258,Undireted
11,212,Undireted
11,485,Undireted
11,264,Undireted
11,380,Undireted
11,174,Undireted
11,259,Undireted
12,548,Undireted
12,618,Undireted
12,310,Undireted
13,352,Undireted
14,264,Undireted
14,326,Undireted
15,265,Undireted
15,70,Undireted
15,340,Undireted
15,67,Undireted
15,454,Undireted
15,505,Undireted
15,43,Undireted
15,432,Undireted
15,56,Undireted
16,516,Undireted
16,119,Undireted
16,400,Undireted
16,545,Undireted
16,334,Undireted
16,237,Undireted
16,374,Undireted
16,117,Undireted
16,274,Undireted
16,613,Undireted
16,466,Undireted
16,75,Undireted
17,185,Undireted
17,608,Undireted
17,450,Undireted
17,299,Undireted
17,65,Undireted
18,265,Undireted
408,265,Undireted
408,418,Undireted
408,581,Undireted
408,143,Undireted
408,599,Undireted
20,324,Undireted
20,355,Undireted
20,481,Undireted
20,238,Undireted
20,242,Undireted
20,160,Undireted
21,516,Undireted
21,441,Undireted
21,329,Undireted
21,334,Undireted
22,270,Undireted
22,187,Undireted
22,104,Undireted
22,22,Undireted
22,420,Undireted
23,434,Undireted
23,58,Undireted
23,128,Undireted
23,257,Undireted
23,288,Undireted
23,277,Undireted
23,182,Undireted
23,340,Undireted
23,157,Undireted
23,227,Undireted
23,343,Undireted
23,54,Undireted
23,67,Undireted
24,547,Undireted
24,230,Undireted
24,502,Undireted
24,306,Undireted
24,501,Undireted
24,591,Undireted
25,363,Undireted
26,230,Undireted
27,424,Undireted
28,147,Undireted
28,230,Undireted
28,527,Undireted
29,49,Undireted
30,126,Undireted
31,285,Undireted
31,424,Undireted
31,543,Undireted
31,357,Undireted
31,507,Undireted
31,508,Undireted
31,491,Undireted
31,169,Undireted
31,595,Undireted
31,41,Undireted
31,63,Undireted
31,327,Undireted
31,266,Undireted
31,48,Undireted
31,179,Undireted
31,546,Undireted
31,518,Undireted
31,142,Undireted
31,449,Undireted
31,269,Undireted
31,524,Undireted
31,488,Undireted
31,515,Undireted
31,193,Undireted
31,315,Undireted
32,89,Undireted
32,265,Undireted
32,183,Undireted
32,611,Undireted
32,364,Undireted
32,581,Undireted
32,159,Undireted
32,300,Undireted
357,543,Undireted
357,504,Undireted
357,118,Undireted
357,430,Undireted
357,524,Undireted
357,508,Undireted
357,164,Undireted
357,165,Undireted
357,127,Undireted
357,395,Undireted
357,596,Undireted
357,79,Undireted
357,515,Undireted
357,48,Undireted
357,448,Undireted
357,179,Undireted
357,518,Undireted
357,335,Undireted
357,307,Undireted
357,491,Undireted
357,572,Undireted
357,313,Undireted
357,63,Undireted
357,45,Undireted
357,532,Undireted
526,552,Undireted
526,70,Undireted
526,517,Undireted
526,181,Undireted
526,558,Undireted
526,519,Undireted
526,352,Undireted
526,462,Undireted
526,224,Undireted
526,235,Undireted
526,536,Undireted
526,403,Undireted
526,363,Undireted
526,195,Undireted
526,388,Undireted
526,498,Undireted
526,87,Undireted
517,181,Undireted
517,403,Undireted
517,224,Undireted
517,235,Undireted
34,89,Undireted
34,419,Undireted
34,254,Undireted
34,265,Undireted
34,373,Undireted
34,208,Undireted
35,536,Undireted
35,383,Undireted
35,289,Undireted
35,389,Undireted
35,131,Undireted
35,597,Undireted
35,338,Undireted
35,87,Undireted
35,89,Undireted
35,90,Undireted
35,265,Undireted
35,601,Undireted
35,56,Undireted
35,58,Undireted
35,611,Undireted
35,439,Undireted
35,615,Undireted
35,195,Undireted
35,198,Undireted
35,618,Undireted
35,243,Undireted
36,490,Undireted
37,389,Undireted
38,518,Undireted
411,449,Undireted
40,344,Undireted
40,333,Undireted
40,352,Undireted
40,538,Undireted
40,484,Undireted
40,240,Undireted
41,434,Undireted
41,265,Undireted
41,594,Undireted
41,397,Undireted
41,62,Undireted
41,465,Undireted
41,193,Undireted
41,109,Undireted
41,611,Undireted
41,321,Undireted
41,121,Undireted
41,282,Undireted
42,467,Undireted
43,253,Undireted
43,102,Undireted
43,265,Undireted
43,360,Undireted
43,577,Undireted
43,39,Undireted
43,340,Undireted
43,229,Undireted
43,83,Undireted
43,505,Undireted
43,67,Undireted
44,265,Undireted
180,496,Undireted
180,331,Undireted
180,209,Undireted
180,520,Undireted
46,417,Undireted
46,550,Undireted
46,86,Undireted
46,317,Undireted
46,578,Undireted
46,110,Undireted
46,67,Undireted
47,475,Undireted
47,500,Undireted
47,508,Undireted
48,518,Undireted
48,524,Undireted
48,164,Undireted
49,293,Undireted
49,512,Undireted
49,71,Undireted
49,196,Undireted
49,188,Undireted
50,544,Undireted
50,70,Undireted
50,171,Undireted
50,483,Undireted
50,131,Undireted
50,289,Undireted
50,182,Undireted
50,340,Undireted
50,183,Undireted
50,562,Undireted
50,578,Undireted
50,389,Undireted
50,67,Undireted
50,330,Undireted
52,113,Undireted
52,494,Undireted
53,122,Undireted
54,265,Undireted
54,275,Undireted
54,89,Undireted
54,536,Undireted
55,210,Undireted
55,158,Undireted
55,154,Undireted
55,437,Undireted
55,252,Undireted
55,78,Undireted
55,452,Undireted
55,214,Undireted
56,68,Undireted
56,383,Undireted
56,116,Undireted
56,70,Undireted
56,597,Undireted
56,505,Undireted
56,389,Undireted
56,479,Undireted
56,359,Undireted
56,128,Undireted
56,439,Undireted
56,130,Undireted
56,131,Undireted
56,217,Undireted
56,338,Undireted
56,584,Undireted
56,87,Undireted
56,89,Undireted
56,90,Undireted
56,265,Undireted
56,601,Undireted
56,182,Undireted
56,340,Undireted
56,375,Undireted
56,603,Undireted
56,229,Undireted
56,198,Undireted
56,102,Undireted
56,345,Undireted
56,289,Undireted
56,611,Undireted
56,60,Undireted
56,235,Undireted
56,577,Undireted
56,350,Undireted
56,465,Undireted
56,238,Undireted
56,195,Undireted
56,616,Undireted
56,617,Undireted
56,244,Undireted
56,351,Undireted
56,67,Undireted
56,151,Undireted
57,264,Undireted
57,148,Undireted
58,89,Undireted
58,90,Undireted
58,265,Undireted
58,601,Undireted
58,434,Undireted
58,537,Undireted
58,350,Undireted
58,603,Undireted
58,611,Undireted
58,616,Undireted
58,302,Undireted
58,87,Undireted
59,265,Undireted
59,116,Undireted
60,265,Undireted
60,350,Undireted
60,439,Undireted
60,389,Undireted
60,198,Undireted
61,244,Undireted
62,392,Undireted
62,285,Undireted
62,265,Undireted
62,266,Undireted
62,169,Undireted
62,449,Undireted
62,269,Undireted
62,193,Undireted
62,611,Undireted
62,282,Undireted
63,139,Undireted
63,448,Undireted
63,572,Undireted
63,518,Undireted
63,504,Undireted
63,602,Undireted
63,45,Undireted
63,164,Undireted
64,498,Undireted
65,608,Undireted
65,333,Undireted
65,450,Undireted
65,299,Undireted
65,185,Undireted
65,240,Undireted
66,141,Undireted
67,245,Undireted
67,419,Undireted
67,317,Undireted
67,68,Undireted
67,70,Undireted
67,291,Undireted
67,249,Undireted
67,505,Undireted
67,107,Undireted
67,389,Undireted
67,593,Undireted
67,253,Undireted
67,434,Undireted
67,323,Undireted
67,550,Undireted
67,131,Undireted
67,440,Undireted
67,445,Undireted
67,198,Undireted
67,89,Undireted
67,90,Undireted
67,181,Undireted
67,265,Undireted
67,288,Undireted
67,338,Undireted
67,372,Undireted
67,340,Undireted
67,183,Undireted
67,603,Undireted
67,248,Undireted
67,325,Undireted
67,229,Undireted
67,254,Undireted
67,146,Undireted
67,570,Undireted
67,189,Undireted
67,102,Undireted
67,289,Undireted
67,611,Undireted
67,352,Undireted
67,577,Undireted
67,410,Undireted
67,465,Undireted
67,578,Undireted
67,531,Undireted
67,469,Undireted
67,351,Undireted
67,416,Undireted
67,498,Undireted
68,265,Undireted
68,288,Undireted
68,70,Undireted
68,340,Undireted
68,603,Undireted
68,505,Undireted
68,198,Undireted
68,242,Undireted
69,253,Undireted
69,385,Undireted
69,498,Undireted
70,317,Undireted
70,383,Undireted
70,205,Undireted
70,288,Undireted
70,249,Undireted
70,72,Undireted
70,505,Undireted
70,107,Undireted
70,593,Undireted
70,434,Undireted
70,323,Undireted
70,536,Undireted
70,550,Undireted
70,439,Undireted
70,170,Undireted
70,473,Undireted
70,116,Undireted
70,599,Undireted
70,89,Undireted
70,90,Undireted
70,181,Undireted
70,265,Undireted
70,601,Undireted
70,269,Undireted
70,403,Undireted
70,340,Undireted
70,248,Undireted
70,342,Undireted
70,229,Undireted
70,275,Undireted
70,570,Undireted
70,102,Undireted
70,611,Undireted
70,235,Undireted
70,577,Undireted
70,465,Undireted
70,189,Undireted
70,254,Undireted
70,616,Undireted
70,498,Undireted
70,244,Undireted
71,265,Undireted
71,495,Undireted
72,269,Undireted
72,240,Undireted
419,570,Undireted
419,89,Undireted
419,254,Undireted
419,265,Undireted
419,155,Undireted
419,128,Undireted
419,288,Undireted
419,465,Undireted
419,343,Undireted
485,525,Undireted
485,212,Undireted
485,115,Undireted
485,264,Undireted
485,145,Undireted
485,174,Undireted
485,259,Undireted
485,241,Undireted
485,380,Undireted
75,516,Undireted
75,119,Undireted
75,400,Undireted
75,334,Undireted
75,237,Undireted
75,117,Undireted
75,274,Undireted
75,613,Undireted
75,75,Undireted
77,379,Undireted
78,331,Undireted
78,210,Undireted
78,154,Undireted
78,437,Undireted
78,252,Undireted
78,214,Undireted
78,452,Undireted
78,158,Undireted
79,546,Undireted
79,518,Undireted
79,507,Undireted
79,595,Undireted
79,414,Undireted
79,85,Undireted
79,491,Undireted
80,138,Undireted
81,290,Undireted
81,563,Undireted
82,261,Undireted
82,584,Undireted
82,409,Undireted
82,171,Undireted
82,451,Undireted
82,389,Undireted
83,89,Undireted
83,254,Undireted
83,317,Undireted
83,265,Undireted
83,288,Undireted
83,465,Undireted
84,374,Undireted
84,545,Undireted
84,329,Undireted
85,518,Undireted
85,335,Undireted
85,507,Undireted
85,292,Undireted
86,578,Undireted
87,289,Undireted
87,389,Undireted
87,479,Undireted
87,257,Undireted
87,131,Undireted
87,597,Undireted
87,338,Undireted
87,175,Undireted
87,89,Undireted
87,90,Undireted
87,217,Undireted
87,265,Undireted
87,601,Undireted
87,182,Undireted
87,340,Undireted
87,375,Undireted
87,227,Undireted
87,229,Undireted
87,611,Undireted
87,576,Undireted
87,350,Undireted
87,439,Undireted
87,616,Undireted
87,580,Undireted
87,198,Undireted
87,151,Undireted
88,434,Undireted
88,550,Undireted
88,460,Undireted
88,265,Undireted
88,474,Undireted
88,498,Undireted
89,245,Undireted
89,317,Undireted
89,155,Undireted
89,288,Undireted
89,597,Undireted
89,505,Undireted
89,432,Undireted
89,254,Undireted
89,324,Undireted
89,128,Undireted
89,300,Undireted
89,343,Undireted
89,136,Undireted
89,116,Undireted
89,446,Undireted
89,90,Undireted
89,558,Undireted
89,601,Undireted
89,221,Undireted
89,182,Undireted
89,340,Undireted
89,248,Undireted
89,569,Undireted
89,275,Undireted
89,570,Undireted
89,584,Undireted
89,217,Undireted
89,350,Undireted
89,465,Undireted
89,351,Undireted
89,151,Undireted
90,317,Undireted
90,473,Undireted
90,116,Undireted
90,206,Undireted
90,355,Undireted
90,157,Undireted
90,505,Undireted
90,389,Undireted
90,479,Undireted
90,434,Undireted
90,324,Undireted
90,550,Undireted
90,130,Undireted
90,131,Undireted
90,584,Undireted
90,208,Undireted
90,597,Undireted
90,265,Undireted
90,601,Undireted
90,372,Undireted
90,182,Undireted
90,340,Undireted
90,603,Undireted
90,227,Undireted
90,342,Undireted
90,229,Undireted
90,275,Undireted
90,198,Undireted
90,289,Undireted
90,611,Undireted
90,217,Undireted
90,350,Undireted
90,439,Undireted
90,373,Undireted
90,238,Undireted
90,413,Undireted
90,195,Undireted
90,616,Undireted
90,580,Undireted
90,351,Undireted
90,242,Undireted
90,151,Undireted
91,253,Undireted
91,563,Undireted
92,186,Undireted
93,146,Undireted
93,103,Undireted
93,567,Undireted
93,94,Undireted
93,614,Undireted
94,103,Undireted
95,492,Undireted
95,523,Undireted
96,537,Undireted
96,379,Undireted
96,211,Undireted
97,265,Undireted
98,74,Undireted
98,295,Undireted
98,471,Undireted
98,216,Undireted
98,99,Undireted
98,605,Undireted
99,142,Undireted
99,431,Undireted
99,108,Undireted
100,518,Undireted
101,124,Undireted
101,545,Undireted
101,311,Undireted
101,374,Undireted
101,216,Undireted
101,329,Undireted
101,152,Undireted
232,146,Undireted
232,253,Undireted
232,563,Undireted
232,134,Undireted
232,498,Undireted
424,164,Undireted
424,480,Undireted
424,256,Undireted
424,518,Undireted
424,348,Undireted
424,118,Undireted
424,491,Undireted
104,253,Undireted
104,290,Undireted
104,563,Undireted
104,187,Undireted
104,469,Undireted
105,548,Undireted
105,521,Undireted
106,305,Undireted
106,583,Undireted
106,444,Undireted
107,340,Undireted
107,550,Undireted
107,383,Undireted
107,265,Undireted
107,317,Undireted
107,291,Undireted
107,505,Undireted
107,416,Undireted
107,498,Undireted
108,147,Undireted
108,547,Undireted
108,230,Undireted
108,527,Undireted
109,181,Undireted
109,169,Undireted
109,320,Undireted
110,578,Undireted
111,265,Undireted
111,389,Undireted
111,451,Undireted
111,229,Undireted
112,265,Undireted
112,498,Undireted
113,559,Undireted
113,358,Undireted
113,494,Undireted
113,276,Undireted
113,319,Undireted
113,222,Undireted
113,522,Undireted
113,398,Undireted
113,555,Undireted
114,200,Undireted
114,138,Undireted
114,201,Undireted
114,143,Undireted
114,397,Undireted
114,134,Undireted
114,184,Undireted
114,389,Undireted
115,145,Undireted
116,536,Undireted
116,593,Undireted
116,434,Undireted
116,366,Undireted
116,446,Undireted
116,558,Undireted
116,265,Undireted
116,372,Undireted
116,182,Undireted
116,248,Undireted
116,342,Undireted
116,275,Undireted
116,611,Undireted
116,616,Undireted
116,198,Undireted
116,243,Undireted
116,151,Undireted
429,163,Undireted
429,535,Undireted
429,220,Undireted
429,362,Undireted
429,427,Undireted
429,478,Undireted
118,518,Undireted
118,507,Undireted
120,265,Undireted
120,375,Undireted
121,227,Undireted
121,433,Undireted
121,553,Undireted
121,265,Undireted
123,524,Undireted
123,179,Undireted
123,518,Undireted
123,347,Undireted
123,491,Undireted
123,292,Undireted
124,374,Undireted
124,545,Undireted
124,613,Undireted
125,565,Undireted
125,308,Undireted
125,423,Undireted
529,412,Undireted
529,253,Undireted
529,474,Undireted
127,518,Undireted
127,347,Undireted
127,524,Undireted
128,446,Undireted
128,570,Undireted
128,254,Undireted
128,373,Undireted
128,265,Undireted
128,576,Undireted
128,131,Undireted
128,289,Undireted
128,465,Undireted
128,404,Undireted
128,208,Undireted
128,135,Undireted
130,217,Undireted
130,151,Undireted
130,288,Undireted
130,355,Undireted
130,340,Undireted
130,597,Undireted
130,136,Undireted
130,432,Undireted
131,122,Undireted
131,157,Undireted
131,288,Undireted
131,597,Undireted
131,505,Undireted
131,510,Undireted
131,217,Undireted
131,343,Undireted
131,265,Undireted
131,601,Undireted
131,182,Undireted
131,340,Undireted
131,248,Undireted
131,325,Undireted
131,229,Undireted
131,238,Undireted
131,351,Undireted
131,151,Undireted
132,198,Undireted
133,397,Undireted
133,407,Undireted
134,143,Undireted
134,563,Undireted
134,184,Undireted
134,456,Undireted
134,251,Undireted
135,446,Undireted
135,544,Undireted
135,317,Undireted
135,360,Undireted
135,350,Undireted
135,458,Undireted
135,386,Undireted
135,227,Undireted
135,321,Undireted
135,281,Undireted
135,359,Undireted
136,422,Undireted
136,208,Undireted
136,536,Undireted
136,558,Undireted
136,265,Undireted
136,155,Undireted
136,576,Undireted
136,439,Undireted
136,611,Undireted
136,568,Undireted
136,389,Undireted
136,229,Undireted
239,616,Undireted
138,418,Undireted
208,446,Undireted
208,601,Undireted
208,288,Undireted
208,340,Undireted
208,455,Undireted
208,343,Undireted
140,265,Undireted
140,581,Undireted
141,461,Undireted
141,51,Undireted
141,280,Undireted
141,574,Undireted
142,164,Undireted
142,518,Undireted
142,491,Undireted
142,596,Undireted
142,524,Undireted
143,407,Undireted
143,265,Undireted
143,397,Undireted
143,182,Undireted
143,184,Undireted
143,172,Undireted
143,456,Undireted
143,580,Undireted
143,581,Undireted
143,151,Undireted
144,150,Undireted
144,311,Undireted
144,374,Undireted
144,545,Undireted
144,441,Undireted
145,525,Undireted
145,264,Undireted
145,380,Undireted
145,241,Undireted
146,253,Undireted
146,354,Undireted
146,193,Undireted
146,505,Undireted
146,567,Undireted
146,498,Undireted
147,501,Undireted
147,547,Undireted
147,230,Undireted
147,502,Undireted
147,438,Undireted
147,126,Undireted
147,527,Undireted
147,279,Undireted
147,591,Undireted
148,265,Undireted
148,253,Undireted
148,563,Undireted
148,498,Undireted
149,494,Undireted
149,276,Undireted
149,319,Undireted
149,522,Undireted
149,555,Undireted
150,545,Undireted
150,311,Undireted
150,374,Undireted
150,613,Undireted
150,329,Undireted
244,368,Undireted
244,352,Undireted
244,235,Undireted
244,224,Undireted
244,472,Undireted
152,545,Undireted
152,382,Undireted
152,311,Undireted
152,441,Undireted
152,137,Undireted
152,374,Undireted
152,329,Undireted
153,412,Undireted
154,331,Undireted
154,210,Undireted
154,158,Undireted
154,129,Undireted
154,437,Undireted
154,252,Undireted
154,214,Undireted
154,452,Undireted
154,223,Undireted
154,533,Undireted
155,570,Undireted
155,254,Undireted
155,265,Undireted
155,576,Undireted
155,293,Undireted
156,483,Undireted
157,585,Undireted
157,288,Undireted
157,257,Undireted
157,289,Undireted
157,603,Undireted
157,604,Undireted
157,510,Undireted
158,210,Undireted
158,437,Undireted
158,252,Undireted
158,452,Undireted
158,214,Undireted
158,223,Undireted
159,265,Undireted
159,360,Undireted
159,397,Undireted
159,375,Undireted
159,458,Undireted
159,432,Undireted
160,383,Undireted
161,265,Undireted
162,610,Undireted
162,323,Undireted
162,498,Undireted
163,535,Undireted
163,561,Undireted
163,486,Undireted
163,478,Undireted
164,543,Undireted
164,507,Undireted
164,508,Undireted
164,256,Undireted
164,524,Undireted
164,595,Undireted
164,327,Undireted
164,176,Undireted
164,515,Undireted
164,179,Undireted
164,546,Undireted
164,518,Undireted
164,337,Undireted
164,307,Undireted
164,491,Undireted
164,488,Undireted
164,315,Undireted
165,165,Undireted
165,179,Undireted
165,518,Undireted
165,596,Undireted
165,524,Undireted
166,265,Undireted
166,182,Undireted
166,418,Undireted
166,183,Undireted
166,611,Undireted
167,601,Undireted
168,299,Undireted
169,181,Undireted
169,265,Undireted
169,397,Undireted
169,611,Undireted
169,282,Undireted
170,383,Undireted
170,340,Undireted
171,406,Undireted
171,202,Undireted
171,459,Undireted
172,265,Undireted
172,611,Undireted
172,581,Undireted
172,599,Undireted
173,369,Undireted
174,212,Undireted
174,264,Undireted
174,318,Undireted
174,259,Undireted
174,380,Undireted
176,220,Undireted
176,362,Undireted
176,427,Undireted
176,301,Undireted
176,497,Undireted
176,478,Undireted
176,216,Undireted
177,350,Undireted
177,510,Undireted
177,389,Undireted
178,495,Undireted
178,539,Undireted
179,491,Undireted
179,518,Undireted
179,347,Undireted
179,596,Undireted
179,605,Undireted
179,524,Undireted
179,292,Undireted
181,352,Undireted
181,363,Undireted
181,235,Undireted
181,552,Undireted
181,476,Undireted
181,340,Undireted
181,320,Undireted
181,258,Undireted
181,248,Undireted
182,246,Undireted
182,317,Undireted
182,473,Undireted
182,289,Undireted
182,389,Undireted
182,350,Undireted
182,300,Undireted
182,265,Undireted
182,463,Undireted
182,375,Undireted
182,603,Undireted
182,456,Undireted
182,229,Undireted
182,345,Undireted
182,611,Undireted
182,439,Undireted
182,195,Undireted
182,198,Undireted
182,451,Undireted
183,459,Undireted
183,265,Undireted
183,202,Undireted
184,397,Undireted
184,456,Undireted
184,251,Undireted
185,377,Undireted
185,333,Undireted
185,538,Undireted
185,356,Undireted
185,240,Undireted
185,432,Undireted
186,202,Undireted
186,459,Undireted
186,414,Undireted
187,420,Undireted
187,270,Undireted
187,217,Undireted
187,514,Undireted
189,340,Undireted
189,288,Undireted
190,393,Undireted
191,518,Undireted
191,524,Undireted
191,45,Undireted
445,340,Undireted
445,229,Undireted
445,250,Undireted
445,576,Undireted
192,559,Undireted
192,371,Undireted
193,433,Undireted
193,285,Undireted
193,449,Undireted
193,273,Undireted
193,282,Undireted
194,619,Undireted
194,226,Undireted
194,398,Undireted
195,217,Undireted
195,257,Undireted
195,350,Undireted
195,340,Undireted
195,597,Undireted
195,227,Undireted
195,175,Undireted
195,389,Undireted
195,151,Undireted
198,245,Undireted
198,317,Undireted
198,355,Undireted
198,505,Undireted
198,432,Undireted
198,597,Undireted
198,217,Undireted
198,558,Undireted
198,265,Undireted
198,601,Undireted
198,372,Undireted
198,340,Undireted
198,603,Undireted
198,229,Undireted
198,102,Undireted
198,577,Undireted
198,350,Undireted
198,238,Undireted
198,580,Undireted
199,518,Undireted
199,316,Undireted
199,566,Undireted
202,426,Undireted
202,288,Undireted
202,340,Undireted
202,343,Undireted
202,555,Undireted
203,435,Undireted
203,345,Undireted
204,540,Undireted
204,215,Undireted
206,473,Undireted
207,372,Undireted
139,518,Undireted
209,33,Undireted
210,252,Undireted
210,437,Undireted
210,452,Undireted
210,223,Undireted
544,404,Undireted
212,264,Undireted
212,380,Undireted
212,259,Undireted
213,502,Undireted
214,534,Undireted
214,223,Undireted
214,533,Undireted
215,540,Undireted
215,278,Undireted
215,405,Undireted
216,618,Undireted
216,402,Undireted
217,245,Undireted
217,317,Undireted
217,473,Undireted
217,585,Undireted
217,289,Undireted
217,589,Undireted
217,510,Undireted
217,597,Undireted
217,265,Undireted
217,601,Undireted
217,404,Undireted
217,603,Undireted
217,229,Undireted
217,102,Undireted
217,611,Undireted
217,576,Undireted
217,577,Undireted
217,350,Undireted
217,439,Undireted
217,413,Undireted
217,617,Undireted
217,580,Undireted
218,521,Undireted
220,535,Undireted
220,518,Undireted
220,441,Undireted
220,427,Undireted
220,478,Undireted
221,265,Undireted
222,365,Undireted
222,494,Undireted
222,522,Undireted
223,252,Undireted
223,542,Undireted
223,452,Undireted
224,262,Undireted
224,258,Undireted
224,352,Undireted
224,235,Undireted
224,552,Undireted
224,363,Undireted
224,376,Undireted
224,248,Undireted
224,443,Undireted
224,388,Undireted
224,470,Undireted
224,569,Undireted
225,253,Undireted
225,493,Undireted
225,584,Undireted
225,290,Undireted
225,563,Undireted
225,469,Undireted
225,498,Undireted
226,431,Undireted
226,371,Undireted
227,436,Undireted
227,265,Undireted
227,370,Undireted
227,352,Undireted
227,577,Undireted
227,442,Undireted
227,453,Undireted
227,102,Undireted
228,392,Undireted
229,317,Undireted
229,289,Undireted
229,597,Undireted
229,505,Undireted
229,389,Undireted
229,509,Undireted
229,436,Undireted
229,549,Undireted
229,396,Undireted
229,361,Undireted
229,440,Undireted
229,554,Undireted
229,446,Undireted
229,265,Undireted
229,340,Undireted
229,576,Undireted
229,151,Undireted
230,547,Undireted
230,501,Undireted
230,502,Undireted
230,438,Undireted
230,306,Undireted
230,279,Undireted
230,527,Undireted
230,591,Undireted
231,425,Undireted
102,554,Undireted
233,265,Undireted
234,618,Undireted
235,368,Undireted
235,352,Undireted
235,354,Undireted
235,552,Undireted
235,363,Undireted
235,578,Undireted
235,258,Undireted
235,472,Undireted
236,282,Undireted
237,516,Undireted
237,119,Undireted
237,400,Undireted
237,545,Undireted
237,334,Undireted
237,117,Undireted
237,374,Undireted
237,274,Undireted
237,613,Undireted
238,550,Undireted
238,265,Undireted
238,449,Undireted
238,289,Undireted
238,603,Undireted
238,611,Undireted
238,616,Undireted
238,325,Undireted
137,117,Undireted
137,311,Undireted
137,441,Undireted
137,329,Undireted
240,608,Undireted
240,377,Undireted
240,450,Undireted
240,484,Undireted
240,299,Undireted
240,563,Undireted
241,264,Undireted
242,434,Undireted
242,323,Undireted
242,611,Undireted
242,248,Undireted
242,265,Undireted
242,498,Undireted
243,265,Undireted
243,521,Undireted
151,345,Undireted
151,265,Undireted
151,389,Undireted
151,289,Undireted
151,611,Undireted
151,375,Undireted
151,603,Undireted
151,597,Undireted
151,580,Undireted
151,601,Undireted
245,593,Undireted
245,509,Undireted
245,322,Undireted
245,340,Undireted
245,473,Undireted
245,265,Undireted
245,291,Undireted
245,611,Undireted
245,616,Undireted
245,580,Undireted
245,416,Undireted
246,265,Undireted
247,601,Undireted
453,597,Undireted
593,323,Undireted
593,558,Undireted
593,576,Undireted
593,288,Undireted
593,340,Undireted
593,597,Undireted
593,505,Undireted
593,343,Undireted
593,275,Undireted
249,340,Undireted
249,288,Undireted
250,39,Undireted
250,440,Undireted
251,456,Undireted
251,560,Undireted
252,437,Undireted
252,452,Undireted
253,354,Undireted
253,563,Undireted
253,505,Undireted
253,469,Undireted
253,323,Undireted
253,498,Undireted
254,570,Undireted
254,558,Undireted
254,265,Undireted
254,288,Undireted
254,465,Undireted
254,340,Undireted
254,505,Undireted
255,518,Undireted
256,518,Undireted
257,265,Undireted
257,616,Undireted
258,363,Undireted
258,403,Undireted
258,476,Undireted
259,264,Undireted
284,374,Undireted
284,545,Undireted
261,265,Undireted
261,397,Undireted
261,436,Undireted
261,451,Undireted
262,470,Undireted
262,368,Undireted
263,311,Undireted
263,613,Undireted
264,525,Undireted
264,318,Undireted
264,380,Undireted
265,317,Undireted
265,476,Undireted
265,320,Undireted
265,479,Undireted
265,322,Undireted
265,324,Undireted
265,271,Undireted
265,175,Undireted
265,338,Undireted
265,340,Undireted
265,341,Undireted
265,312,Undireted
265,345,Undireted
265,346,Undireted
265,404,Undireted
265,349,Undireted
265,350,Undireted
265,351,Undireted
265,505,Undireted
265,321,Undireted
265,360,Undireted
265,361,Undireted
265,364,Undireted
265,343,Undireted
265,372,Undireted
265,375,Undireted
265,439,Undireted
265,531,Undireted
265,383,Undireted
265,384,Undireted
265,386,Undireted
265,510,Undireted
265,549,Undireted
265,397,Undireted
265,458,Undireted
265,558,Undireted
265,265,Undireted
265,569,Undireted
265,275,Undireted
265,570,Undireted
265,277,Undireted
265,352,Undireted
265,576,Undireted
265,578,Undireted
265,584,Undireted
265,288,Undireted
265,426,Undireted
265,588,Undireted
265,432,Undireted
265,433,Undireted
265,436,Undireted
265,594,Undireted
265,300,Undireted
265,597,Undireted
265,302,Undireted
265,446,Undireted
265,599,Undireted
265,601,Undireted
265,449,Undireted
265,248,Undireted
265,454,Undireted
265,456,Undireted
265,309,Undireted
265,611,Undireted
265,464,Undireted
265,465,Undireted
265,615,Undireted
265,616,Undireted
267,548,Undireted
268,456,Undireted
268,463,Undireted
269,599,Undireted
269,410,Undireted
269,248,Undireted
269,505,Undireted
270,420,Undireted
271,482,Undireted
271,603,Undireted
272,299,Undireted
274,516,Undireted
274,119,Undireted
274,400,Undireted
274,545,Undireted
274,334,Undireted
274,117,Undireted
274,374,Undireted
274,613,Undireted
274,466,Undireted
275,611,Undireted
275,434,Undireted
275,584,Undireted
276,276,Undireted
276,296,Undireted
276,619,Undireted
276,494,Undireted
276,398,Undireted
276,598,Undireted
276,555,Undireted
554,451,Undireted
554,389,Undireted
554,577,Undireted
460,582,Undireted
460,587,Undireted
460,571,Undireted
460,385,Undireted
460,498,Undireted
281,404,Undireted
282,392,Undireted
282,285,Undireted
282,449,Undireted
282,341,Undireted
282,364,Undireted
283,350,Undireted
260,386,Undireted
260,294,Undireted
260,432,Undireted
260,458,Undireted
286,499,Undireted
286,368,Undireted
287,303,Undireted
288,536,Undireted
288,289,Undireted
288,434,Undireted
288,550,Undireted
288,340,Undireted
288,248,Undireted
288,455,Undireted
288,342,Undireted
288,323,Undireted
288,570,Undireted
288,459,Undireted
288,611,Undireted
288,576,Undireted
288,528,Undireted
288,350,Undireted
288,465,Undireted
288,317,Undireted
288,616,Undireted
288,351,Undireted
289,317,Undireted
289,122,Undireted
289,597,Undireted
289,505,Undireted
289,510,Undireted
289,343,Undireted
289,601,Undireted
289,340,Undireted
289,248,Undireted
289,325,Undireted
289,351,Undireted
290,563,Undireted
290,469,Undireted
290,498,Undireted
291,248,Undireted
292,421,Undireted
292,335,Undireted
292,612,Undireted
292,518,Undireted
292,328,Undireted
292,307,Undireted
293,570,Undireted
297,518,Undireted
297,448,Undireted
298,386,Undireted
298,360,Undireted
298,389,Undireted
299,377,Undireted
299,575,Undireted
299,538,Undireted
299,577,Undireted
299,299,Undireted
299,356,Undireted
300,303,Undireted
300,564,Undireted
300,611,Undireted
300,581,Undireted
302,536,Undireted
303,336,Undireted
304,369,Undireted
305,339,Undireted
305,583,Undireted
306,547,Undireted
307,518,Undireted
307,335,Undireted
307,524,Undireted
308,555,Undireted
618,393,Undireted
618,471,Undireted
312,389,Undireted
313,518,Undireted
313,524,Undireted
313,488,Undireted
314,446,Undireted
315,518,Undireted
315,524,Undireted
316,518,Undireted
317,550,Undireted
317,584,Undireted
317,505,Undireted
317,434,Undireted
317,324,Undireted
317,446,Undireted
317,372,Undireted
317,340,Undireted
317,603,Undireted
317,343,Undireted
317,611,Undireted
317,352,Undireted
317,576,Undireted
317,350,Undireted
317,404,Undireted
317,617,Undireted
318,447,Undireted
319,559,Undireted
319,494,Undireted
319,619,Undireted
319,522,Undireted
319,398,Undireted
319,365,Undireted
361,550,Undireted
361,576,Undireted
361,603,Undireted
361,611,Undireted
361,616,Undireted
321,404,Undireted
321,389,Undireted
323,434,Undireted
323,550,Undireted
323,340,Undireted
323,610,Undireted
323,498,Undireted
324,422,Undireted
324,372,Undireted
324,611,Undireted
324,616,Undireted
325,505,Undireted
327,518,Undireted
327,480,Undireted
328,508,Undireted
328,518,Undireted
328,524,Undireted
328,596,Undireted
328,491,Undireted
329,609,Undireted
329,545,Undireted
329,382,Undireted
329,311,Undireted
329,441,Undireted
329,374,Undireted
330,436,Undireted
332,494,Undireted
570,340,Undireted
570,505,Undireted
570,343,Undireted
335,518,Undireted
335,414,Undireted
337,498,Undireted
364,360,Undireted
364,397,Undireted
364,458,Undireted
364,432,Undireted
339,583,Undireted
339,444,Undireted
340,473,Undireted
340,355,Undireted
340,505,Undireted
340,342,Undireted
340,434,Undireted
340,550,Undireted
340,440,Undireted
340,343,Undireted
340,446,Undireted
340,601,Undireted
340,603,Undireted
340,248,Undireted
340,568,Undireted
340,459,Undireted
340,351,Undireted
340,39,Undireted
340,465,Undireted
340,611,Undireted
340,616,Undireted
340,581,Undireted
340,498,Undireted
342,372,Undireted
342,597,Undireted
342,343,Undireted
342,351,Undireted
343,536,Undireted
343,434,Undireted
343,558,Undireted
343,372,Undireted
343,248,Undireted
343,459,Undireted
343,611,Undireted
343,465,Undireted
343,616,Undireted
343,550,Undireted
383,442,Undireted
383,611,Undireted
344,377,Undireted
345,391,Undireted
345,435,Undireted
345,451,Undireted
345,531,Undireted
345,580,Undireted
346,599,Undireted
347,488,Undireted
347,518,Undireted
347,543,Undireted
347,524,Undireted
348,518,Undireted
350,389,Undireted
350,434,Undireted
350,446,Undireted
350,463,Undireted
350,404,Undireted
350,603,Undireted
350,611,Undireted
350,413,Undireted
575,436,Undireted
353,374,Undireted
353,311,Undireted
353,441,Undireted
353,545,Undireted
354,498,Undireted
355,550,Undireted
355,603,Undireted
355,616,Undireted
356,377,Undireted
358,467,Undireted
358,494,Undireted
358,555,Undireted
359,404,Undireted
360,479,Undireted
360,404,Undireted
360,568,Undireted
360,389,Undireted
362,478,Undireted
363,401,Undireted
363,388,Undireted
363,368,Undireted
338,505,Undireted
338,607,Undireted
365,398,Undireted
365,522,Undireted
365,555,Undireted
367,539,Undireted
369,73,Undireted
45,518,Undireted
45,461,Undireted
45,524,Undireted
372,550,Undireted
372,465,Undireted
372,603,Undireted
372,611,Undireted
372,616,Undireted
372,389,Undireted
374,382,Undireted
374,119,Undireted
374,117,Undireted
374,441,Undireted
374,516,Undireted
374,400,Undireted
374,311,Undireted
374,334,Undireted
374,609,Undireted
374,613,Undireted
375,404,Undireted
375,432,Undireted
377,608,Undireted
377,538,Undireted
377,450,Undireted
377,563,Undireted
381,248,Undireted
382,545,Undireted
385,587,Undireted
385,571,Undireted
385,352,Undireted
385,498,Undireted
386,404,Undireted
386,458,Undireted
386,432,Undireted
387,425,Undireted
387,530,Undireted
387,390,Undireted
389,432,Undireted
389,458,Undireted
389,446,Undireted
389,451,Undireted
389,454,Undireted
389,531,Undireted
395,518,Undireted
395,508,Undireted
395,524,Undireted
397,600,Undireted
397,581,Undireted
398,522,Undireted
398,598,Undireted
398,555,Undireted
399,197,Undireted
399,597,Undireted
400,516,Undireted
400,119,Undireted
400,545,Undireted
400,334,Undireted
400,117,Undireted
400,613,Undireted
400,466,Undireted
404,446,Undireted
404,458,Undireted
405,540,Undireted
175,576,Undireted
175,611,Undireted
19,572,Undireted
410,505,Undireted
39,509,Undireted
39,576,Undireted
39,603,Undireted
413,597,Undireted
414,518,Undireted
415,393,Undireted
416,248,Undireted
417,578,Undireted
418,440,Undireted
418,506,Undireted
421,546,Undireted
421,518,Undireted
421,524,Undireted
421,595,Undireted
421,491,Undireted
423,555,Undireted
103,567,Undireted
426,459,Undireted
426,611,Undireted
427,478,Undireted
427,535,Undireted
428,524,Undireted
117,516,Undireted
117,119,Undireted
117,545,Undireted
117,334,Undireted
117,613,Undireted
117,466,Undireted
430,518,Undireted
432,479,Undireted
432,611,Undireted
432,454,Undireted
434,505,Undireted
434,584,Undireted
434,597,Undireted
434,352,Undireted
436,611,Undireted
436,531,Undireted
436,489,Undireted
437,521,Undireted
437,452,Undireted
438,527,Undireted
378,604,Undireted
441,545,Undireted
441,311,Undireted
442,129,Undireted
443,590,Undireted
76,483,Undireted
446,558,Undireted
446,584,Undireted
446,603,Undireted
446,611,Undireted
446,616,Undireted
446,505,Undireted
447,606,Undireted
448,572,Undireted
448,518,Undireted
448,585,Undireted
448,602,Undireted
448,487,Undireted
449,608,Undireted
449,450,Undireted
449,611,Undireted
449,553,Undireted
450,538,Undireted
248,499,Undireted
248,550,Undireted
248,505,Undireted
248,599,Undireted
248,611,Undireted
248,352,Undireted
248,498,Undireted
457,518,Undireted
457,524,Undireted
458,479,Undireted
458,611,Undireted
459,555,Undireted
279,501,Undireted
461,574,Undireted
465,505,Undireted
466,516,Undireted
466,119,Undireted
466,334,Undireted
466,613,Undireted
467,494,Undireted
467,555,Undireted
468,499,Undireted
469,563,Undireted
469,498,Undireted
469,505,Undireted
470,352,Undireted
470,470,Undireted
470,368,Undireted
474,498,Undireted
474,550,Undireted
476,368,Undireted
477,521,Undireted
478,535,Undireted
478,486,Undireted
478,497,Undireted
480,518,Undireted
487,518,Undireted
490,33,Undireted
491,508,Undireted
491,566,Undireted
491,612,Undireted
491,579,Undireted
491,515,Undireted
494,522,Undireted
494,598,Undireted
494,555,Undireted
495,539,Undireted
498,505,Undireted
498,587,Undireted
498,571,Undireted
498,352,Undireted
498,530,Undireted
498,563,Undireted
498,511,Undireted
500,513,Undireted
501,547,Undireted
501,502,Undireted
501,126,Undireted
501,527,Undireted
501,605,Undireted
502,547,Undireted
502,502,Undireted
502,126,Undireted
503,311,Undireted
504,518,Undireted
505,592,Undireted
505,550,Undireted
505,599,Undireted
505,611,Undireted
507,546,Undireted
508,518,Undireted
515,518,Undireted
515,612,Undireted
516,334,Undireted
516,119,Undireted
516,545,Undireted
516,613,Undireted
518,543,Undireted
518,585,Undireted
518,595,Undireted
518,596,Undireted
518,546,Undireted
518,602,Undireted
518,524,Undireted
518,566,Undireted
518,572,Undireted
518,573,Undireted
518,612,Undireted
518,532,Undireted
518,579,Undireted
519,584,Undireted
522,559,Undireted
522,619,Undireted
522,598,Undireted
522,555,Undireted
523,605,Undireted
524,586,Undireted
524,541,Undireted
524,543,Undireted
524,551,Undireted
524,596,Undireted
524,488,Undireted
524,566,Undireted
524,579,Undireted
497,535,Undireted
119,545,Undireted
119,334,Undireted
119,613,Undireted
527,547,Undireted
368,352,Undireted
536,558,Undireted
538,608,Undireted
545,311,Undireted
545,334,Undireted
545,609,Undireted
545,613,Undireted
219,548,Undireted
546,546,Undireted
546,595,Undireted
547,591,Undireted
548,556,Undireted
555,565,Undireted
555,619,Undireted
555,598,Undireted
558,603,Undireted
558,616,Undireted
334,613,Undireted
571,587,Undireted
572,572,Undireted
352,616,Undireted
576,584,Undireted
576,601,Undireted
576,603,Undireted
578,550,Undireted
578,588,Undireted
584,550,Undireted
584,603,Undireted
584,611,Undireted
488,596,Undireted
589,601,Undireted
591,605,Undireted
556,556,Undireted
615,611,Undireted
597,601,Undireted
597,603,Undireted
597,611,Undireted
601,603,Undireted
601,616,Undireted
603,616,Undireted
311,613,Undireted
